,id,name,publisher,image,price,rating
0,athena.studio.woody.sudoku.block.puzzle.brain.training.mind.games.free.happy.offline,Woody 99 - Sudoku Block Puzzle - Free Mind Games,Athena Studio,https://lh3.googleusercontent.com/ZitawamxXsoGey2SpwbBPK4rwYOeZypeILWvIOZD8d028XkO3Cb83QFTrq_K4WIJGtw=w3840,0,4.8
1,com.braindom,"Braindom: Tricky Puzzles, Brain Games Brain Tests",Matchingham Games,https://lh3.googleusercontent.com/cB9yqHwEb4lRGtnZ95zgO0Btz7g83OWSbyhTwf3yNVv-mQfl0KFk9bWvp_USlnEUBw=w3840,0,4.6
2,com.innersloth.spacemafia,Among Us,Innersloth LLC,https://lh3.googleusercontent.com/VHB9bVB8cTcnqwnu0nJqKYbiutRclnbGxTpwnayKB4vMxZj8pk1220Rg-6oQ68DwAkqO=w3840,0,4.5
3,com.parkour.swing,Swing Loops - Grapple Hook Race,SayGames,https://lh3.googleusercontent.com/IbpYt6VEsfteznnRPqZsXZr3dugCG2aBvRqpvbzg0fvN9K3aavHOpn5odOuCPZE0CRo=w3840,0,4.5
4,com.HutsKoen.Kaasje,Kaasje,HutsKoen,https://lh3.googleusercontent.com/URgOlbz2RVIbmThopyhj53X0kPW6nLmz3LWEvmiNMnOBpcQxKrWJ4AHFdvIvEz5_Ww=w3840,0,4.5
5,com.roblox.client,Roblox,Roblox Corporation,https://lh3.googleusercontent.com/R5hLCLt947e0R9q0KZJeMQJu-zkeB601mKyJqYZIvb1sVz0xgplkH0etKIvZOmlRXDU=w3840,0,4.5
6,com.jellybtn.boardkings,Board Kings™️ -  Multiplayer Board Games!,Jelly Button Games,https://lh3.googleusercontent.com/swXeCkyBKZ2GTxy3wsSOmHgDIdY283TtjrvC9EbeCZkeUTkOK_J66A_-cEXYo1nDSJow=w3840,0,4.4
7,com.gpg.ninemonths,9 Months,Green Panda Games,https://lh3.googleusercontent.com/TBLRTNBSVta6-fqeaWvKNqK43Edb1cwnL8cMLnZEDxT83oPII1dScgBvxmqjwHFwDg=w3840,0,4.4
8,com.kiloo.subwaysurf,Subway Surfers,SYBO Games,https://lh3.googleusercontent.com/jUsiig3d-ntQuAg5fttEZtLBycPhm2Jjpj6OOyFzjUQ6JTlLzyFjbDsOhi9faQjZNz4=w3840,0,4.4
9,com.tilemaster.puzzle.block.match,Tile Master - Classic Triple Match & Puzzle Game,Higgs Studio,https://lh3.googleusercontent.com/fwyQDqI5W0CtNxMf4LZbiMnCoo7LDsmeNnvuaRA6zujF3-bB70axz2u5sieT-3e13zg=w3840,0,4.4
10,com.tapenjoy.minigame.aovstower,Rooster Defense,Ohayoo,https://lh3.googleusercontent.com/ep4C1neKXsOWKLpm3eEp1M-4a33EQa98K0VlRIX1kk5gcItHRcJa-Ro6zcXZhk2T0zs=w3840,0,4.4
11,com.playrix.homescapes,Homescapes,Playrix,https://lh3.googleusercontent.com/EcbqntC5WzhzhvPO1m1NvDV2WhKe0Ga4slig1-dfuJGNt4LUyngATBeUQK551LbUkA=w3840,0,4.3
12,com.outfit7.herodash,Talking Tom Hero Dash - Run Game,Outfit7 Limited,https://lh3.googleusercontent.com/XseuJv7XwWfkJwKCV1K2Ay5uueuGTyhS3squTZKT-mdD21dTAxKB7FZ77XkuxR6s7nlv=w3840,0,4.3
13,com.tocaboca.tocalifeworld,Toca Life World: Build stories & create your world,Toca Boca,https://lh3.googleusercontent.com/uP9B0OuxnE4vdHIRqyx8LdsSDvQ31z8Ns0aq_nh5FgFr8ArWsMeGnAUO7BobyesnBaYv=w3840,0,4.3
14,com.yodo1.rodeo.safari,Rodeo Stampede: Sky Zoo Safari,Yodo1 Games,https://lh3.googleusercontent.com/wtDweOsixW1_8ed3kDZq0iXWj1PgJe-AxsscV7KehUGy7uVlSC8U4lxNuvISewC8dBE=w3840,0,4.3
15,com.amanotes.beathopper,Tiles Hop: EDM Rush!,AMANOTES PTE LTD,https://lh3.googleusercontent.com/asZZf7CgfDifCAe2xoOA4QjhBWZXV2etd_h_OhC1HYN8_KFtcuKcWbNHFPYdjhWziA=w3840,0,4.3
16,com.supercell.brawlstars,Brawl Stars,Supercell,https://lh3.googleusercontent.com/MzUSkf9mJwbzCpxlFh6PF0b_baeEHm-S6qBUM3j4XQpY7EpV7UN1dtLA1aWS9bv0vg=w3840,0,4.3
17,nl.avro.demol,Wie is de Mol?,AVROTROS,https://lh3.googleusercontent.com/QtVfzLbsOZexrT_KxZDe6MHohcIWQTWcXOTW6dC-_VCDVhiO--PlbB4awH7AjumgDvI=w3840,0,4.3
18,com.demin.emojipuzzle,Emoji Puzzle!,Supersonic Studios LTD,https://lh3.googleusercontent.com/JhTCD9LTYAKeNu0Y6MG0mmwUF99dqjEvKMOtyXaMEyd71nh9IhMiTi48_jx0ncYRVJQ=w3840,0,4.3
19,com.playrix.gardenscapes,Gardenscapes,Playrix,https://lh3.googleusercontent.com/sRvLRGoFQj9d03DFb-x8AFY7mYI5Bcq_uSRa4Ik6ptgQ-w2ITUJtrTEo0u-hIybucc4=w3840,0,4.3
20,com.staff.staff,Staff! - Job Game | Real Life Simulator,SayGames,https://lh3.googleusercontent.com/Si9e4W9WStWkGFPbJ_YGxfyLUtao2EBHEc1Bv5CEV8V6GRFlvszPYuqXPl4RMjJIszQ=w3840,0,4.2
21,com.harvest.io,Harvest.io – Farming Arcade in 3D,CASUAL AZUR GAMES,https://lh3.googleusercontent.com/JJEF3xJuL7BC0Yz1IDTiVro6ShwThBXpzn_Wtz2YQCpiKjt07GFtZLXcH2Q7fNXvUqcI=w3840,0,4.2
22,com.rescue.machine,Rescue Machine,"Geisha Tokyo, Inc.",https://lh3.googleusercontent.com/bqHCmIfhueHga8zv8wmae686XCNIr9lh2u-b0qO9plF9tsEeRqKnNQxnjLRPmii69Qs=w3840,0,4.2
23,com.gamestart.protectthevip,Protect the VIP,Lion Studios,https://lh3.googleusercontent.com/XGPasagQjOwbrliYFF69nTN-YIKDJpuwd554hvlTo0ifdb5IwrQkT4E2L86Tm5sqow=w3840,0,4.2
24,com.nianticlabs.pokemongo,Pokémon GO,"Niantic, Inc.",https://lh3.googleusercontent.com/wPfLmWBJwsPdBhsFXc8X4QZOOvePWjoOBLFXXCwyegjRwYOuabmG5cynthlW0HDgy9s=w3840,0,4.1
25,cacacat.wobble.man.upstairs,Wobble Man,Ohayoo,https://lh3.googleusercontent.com/enBUv0gnl4jt4oNXjTTMAa5tXtqpcoy-W7Gz4g27RShK0mhtq8nXxmhlDMKIAF0950oj=w3840,0,4.1
26,com.youmusic.magictiles,Magic Tiles 3,AMANOTES PTE LTD,https://lh3.googleusercontent.com/rbIaIyJTh9YtsXWbVR6qNfUFF1S-rgkBrEV8xrWH2zAZ1dvN1YC0QP0SKPXqSr-7fkQ=w3840,0,4.1
27,com.fencinggame.master,Thrilling Fencing Master,GuonianGame,https://lh3.googleusercontent.com/PjLc7GFtHmXYqWy_xgJyEarFmjVgkTKNntrV7KkMOMgQC-sQl90bZpUudGX5BYzpnA=w3840,0,4.1
28,com.Jump.Roll,Jumpero,VOODOO,https://lh3.googleusercontent.com/ve6v7IWkT9KDn2z2Iza2S8iEsnO9NFNeVPEV3ApJXwdPI1vOMny95atES3rnMFMZUg=w3840,0,4.0
29,com.alphapotato.prankster,Prank Master 3D,Lion Studios,https://lh3.googleusercontent.com/kbpSTE8rPzk88h_VGtyA6r8yiUrsPUXWnAUnsCUVns-3ZviDP1UmcYmN-Adg-_YHVQ=w3840,0,4.0
30,com.Atinon.PassOver,Cube Surfer!,VOODOO,https://lh3.googleusercontent.com/wnx9h0CGrlVXjahrzTyMnceQH3iRdx1c88_0Xf5VnQid-F2vspykefxpN-YtCGLmXXI=w3840,0,4.0
31,com.yolo.game,YOLO？,CacaCat,https://lh3.googleusercontent.com/dzVl1Mw3WnHd7PoTszh2i0DTI_7_D8T4xKwn7D3ND_ZlqHqxfBdpR6peJ2JXcZ67DoM=w3840,0,3.9
32,com.cassette.aquapark,aquapark.io,VOODOO,https://lh3.googleusercontent.com/dcIfJH7zkoTOgITuNVBotJDDCe7MyQPc1SUV7G-aRInN2pZRWFAepLiHPDw6__sAQg=w3840,0,3.9
33,com.idle.home.design.makeover,Idle Home Makeover,ZPLAY Games,https://lh3.googleusercontent.com/9UOYfyRvM0rcvY7C5mUT6y29PMt0qK9enYt65Kgot349ZHm75TlcOGenBTwElNI6T6I=w3840,0,3.9
34,com.crazylabs.tie.dye.art,Tie Dye,Crazy Labs by TabTale,https://lh3.googleusercontent.com/3ykaP8gHVCSy1yx5BXsN223khXJ4h24G4fG05_OD80d4MLyEUdwbbMwnYV6scb2DGw=w3840,0,3.9
35,com.casualpunch.lipart,Lip Art 3D,ZPLAY Games,https://lh3.googleusercontent.com/aiNWtsQyj2En0zpIMKvQyj8w3ZQFdo6CvHBeiZt1RmmpltsFP_Pf0P1YummNdN7y6Xo=w3840,0,3.9
36,com.tapped.drawrider,Scribble Rider,VOODOO,https://lh3.googleusercontent.com/70422iPPICEKsnfliNa-cgAx6hYipUZCbFih9bvky1himLHYPetPwD_m0BId4VmVdwE=w3840,0,3.8
37,com.Celltop.SpiralRoll,Spiral Roll,VOODOO,https://lh3.googleusercontent.com/pnHfiauzr1lXa1b8KEVo3YDaOKVWhtLr8vF6_C12TbVZfFeVP7Bkoz8zRE9FjQGr_zY=w3840,0,3.8
38,com.zjcgame.superdress,"Yes, that dress!",Lion Studios,https://lh3.googleusercontent.com/U-s2aJ29qMhHDKw7AawSqIPPS8ikhn_LzJvMbAKHhhenOAN5veO2hu1mFIIcIoQKCA=w3840,0,3.8
39,com.GMA.Ball.Sort.Puzzle,Ball Sort Puzzle,IEC Global Pty Ltd,https://lh3.googleusercontent.com/8c1fMmv4L607UfhRy4VWNoBZGo3l95f6C-6W7gBDILL1vummSSmLrnrWeStYIYUEzyQ=w3840,0,3.8
40,com.GFLabs.BraidSalon,Braid Salon,Lion Studios,https://lh3.googleusercontent.com/yoeX_SYvBbb_u_Fjf3gsQgAeRJZ4E9YOFE93Vj9lqovuH-YTFtVlCqZGwHbnjq__vlA=w3840,0,3.7
41,by.hitbox.magicwoods,Idle Lumberjack 3D,VOODOO,https://lh3.googleusercontent.com/vgh5Hqja9VcuBJ3FexfecrrHF8lD-lAsslRTkNGcq6Q092Jwyr0cJrbRxb-XxYjwy_U=w3840,0,3.6
42,com.rollic.tanglemaster3D,Tangle Master 3D,Rollic Games,https://lh3.googleusercontent.com/240wqaPugxhwf5AL2NT1HxANNBwwX7KUDBchFcJzcs9VFTLOeCo3AbOjdWoxc78iFQ=w3840,0,3.5
43,com.hanna.bodyguard.expert,VIP Guard,Gismart,https://lh3.googleusercontent.com/caoZjMeA2aqrvbtV48pE0JKikNbBbhdxlK6nSWKM_IHZbPsi8ua9jfR9JGFsiAzYsg=w3840,0,3.4
44,com.brain.riddle,Riddle Master,Ruby Game Studio,https://lh3.googleusercontent.com/TTuGCDH_vp1z5YwD0s_5cdw93EwP7OSg5wPhTRffm7lOcKuQTod-A0wyveefx6FSxJU=w3840,0,3.3
45,com.crazylabs.i.can.paint,I Can Paint,Crazy Labs by TabTale,https://lh3.googleusercontent.com/SEvoxd146V9ock42nvn_Ta9xuUeALNJcFJp932KuTK0fVXPDkLS0hul_D7IzJ_knwgiu=w3840,0,3.3
46,com.casual.stairwaytoheaven,Stairway to Heaven !,Lion Studios,https://lh3.googleusercontent.com/gf7TSV3zNNRHUkMNmBmqfOUe28U6AVO1Zm9gtmwlPwc3RAtmXZ41Qa0V5N-JYDUzbQ=w3840,0,3.3
47,com.lightningstrikegames.fruitsurgeon,Fruit Clinic,Lion Studios,https://lh3.googleusercontent.com/C3cdFreryJmLcZOR1On_mamj3bcvxLLDcLiqNQVIjUAi_MXpUV5U0FWBdo6Uigdlk-4=w3840,0,3.2
48,nl.rtl.miljonairs,BankGiro Miljonairs,RTL Nederland B.V.,https://lh3.googleusercontent.com/-b9AsVaixkjXXyZOIGNMKj4HTw3JDOAK8-LZflTEi1JxQCMoLyTYvm7zzusLKEU6FQ=w3840,0,3.0
49,com.reboot.buildroads,Build Roads,Rollic Games,https://lh3.googleusercontent.com/sMHwWfZvLexGt9E9RfAo5efj0YPDBxYOrDZ1ucg7TAeEiobj6tL2nMkdMld8KUy8YV6-=w3840,0,2.2
